{
  "Prim": {
    "numIntersections": 142.1764705882353,
    "numDeadEnds": 168.05882352941177,
    "numSteps": 164.76470588235293,
    "numVisitedIntersections": 58.294117647058826,
    "numVisitedDeadEnds": 41.529411764705884
  },
  "Kruskal": {
    "numIntersections": 136.76470588235293,
    "numDeadEnds": 158.2941176470588,
    "numSteps": 187.2941176470588,
    "numVisitedIntersections": 63.1764705882353,
    "numVisitedDeadEnds": 42.588235294117645
  }
}