{
  "Prim": {
    "numIntersections": 132.6909090909091,
    "numDeadEnds": 157.0909090909091,
    "numSteps": 108.84545454545454,
    "numVisitedIntersections": 42.40909090909091,
    "numVisitedDeadEnds": 23.4
  },
  "Kruskal": {
    "numIntersections": 124.88695652173914,
    "numDeadEnds": 144.95652173913044,
    "numSteps": 163.87826086956522,
    "numVisitedIntersections": 54.243478260869566,
    "numVisitedDeadEnds": 35.869565217391305
  }
}