{
  "Prim": {
    "numIntersections": 172,
    "numDeadEnds": 203.3661971830986,
    "numSteps": 260.5633802816901,
    "numVisitedIntersections": 15.366197183098592,
    "numVisitedDeadEnds": 74.78873239436619
  },
  "Kruskal": {
    "numIntersections": 155.58585858585857,
    "numDeadEnds": 180.66666666666666,
    "numSteps": 265.8787878787879,
    "numVisitedIntersections": 12.555555555555555,
    "numVisitedDeadEnds": 69.32323232323232
  }
}