{
  "Prim": {
    "numIntersections": 233.26190476190476,
    "numDeadEnds": 274.4047619047619,
    "numSteps": 399.4761904761905,
    "numVisitedIntersections": 21.714285714285715,
    "numVisitedDeadEnds": 117.9047619047619
  },
  "Kruskal": {
    "numIntersections": 224.07142857142858,
    "numDeadEnds": 259.1904761904762,
    "numSteps": 476.73809523809524,
    "numVisitedIntersections": 21.047619047619047,
    "numVisitedDeadEnds": 130.76190476190476
  }
}