{
  "Prim": {
    "numIntersections": 130.16379310344828,
    "numDeadEnds": 154.2155172413793,
    "numSteps": 108.35344827586206,
    "numVisitedIntersections": 42.05172413793103,
    "numVisitedDeadEnds": 23.370689655172413
  },
  "Kruskal": {
    "numIntersections": 122.60655737704919,
    "numDeadEnds": 142.41803278688525,
    "numSteps": 160.64754098360655,
    "numVisitedIntersections": 53.40983606557377,
    "numVisitedDeadEnds": 35.26229508196721
  }
}