{
  "Prim": {
    "numIntersections": 409.60869565217394,
    "numDeadEnds": 480.5652173913044,
    "numSteps": 788.0434782608696,
    "numVisitedIntersections": 39.65217391304348,
    "numVisitedDeadEnds": 237.2608695652174
  },
  "Kruskal": {
    "numIntersections": 379.1666666666667,
    "numDeadEnds": 438.2083333333333,
    "numSteps": 683.4166666666666,
    "numVisitedIntersections": 30.75,
    "numVisitedDeadEnds": 189.79166666666666
  }
}