{
  "Prim": {
    "numIntersections": 78.25,
    "numDeadEnds": 93.33333333333333,
    "numSteps": 137.08333333333334,
    "numVisitedIntersections": 8.666666666666666,
    "numVisitedDeadEnds": 37
  },
  "Kruskal": {
    "numIntersections": 79.25,
    "numDeadEnds": 94,
    "numSteps": 163.5,
    "numVisitedIntersections": 8.416666666666666,
    "numVisitedDeadEnds": 41.083333333333336
  }
}