{
  "Prim": {
    "numIntersections": 150.671875,
    "numDeadEnds": 178.59375,
    "numSteps": 122.59375,
    "numVisitedIntersections": 47.453125,
    "numVisitedDeadEnds": 26.8125
  },
  "Kruskal": {
    "numIntersections": 142.67164179104478,
    "numDeadEnds": 165.44776119402985,
    "numSteps": 186.65671641791045,
    "numVisitedIntersections": 61.46268656716418,
    "numVisitedDeadEnds": 41.74626865671642
  }
}