{
  "Prim": {
    "numIntersections": 229.66666666666666,
    "numDeadEnds": 270.3333333333333,
    "numSteps": 349.53333333333336,
    "numVisitedIntersections": 20.2,
    "numVisitedDeadEnds": 103.46666666666667
  },
  "Kruskal": {
    "numIntersections": 219.13333333333333,
    "numDeadEnds": 252.33333333333334,
    "numSteps": 406.93333333333334,
    "numVisitedIntersections": 18.2,
    "numVisitedDeadEnds": 110.2
  }
}